strategy,dimension,category,count,percentage,s0_percentage,delta_percentage_points
S0,size,kept,35254,100.0,,
S0,size,removed,0,0.0,,
S0,classes,Conforme,10836,30.74,30.74,0.0
S0,classes,NON Conforme,5659,16.05,16.05,0.0
S0,classes,PIETRA,6033,17.11,17.11,0.0
S0,classes,Vide,12726,36.1,36.1,0.0
S0,years,2025,20266,57.49,57.49,0.0
S0,years,2026,14988,42.51,42.51,0.0
S0,positions,B,18189,51.59,51.59,0.0
S0,positions,T,17065,48.41,48.41,0.0
S0,cameras,1,5811,16.48,16.48,0.0
S0,cameras,2,5953,16.89,16.89,0.0
S0,cameras,3,6157,17.46,17.46,0.0
S0,cameras,4,5792,16.43,16.43,0.0
S0,cameras,5,5913,16.77,16.77,0.0
S0,cameras,6,5628,15.96,15.96,0.0
S0,remaining_flag,is_masked_disagreement,59,0.17,,
S0,remaining_flag,is_multiple,1197,3.4,,
S0,remaining_flag,is_chunk,4975,14.11,,
S0,remaining_flag,is_mixed_quality,0,0.0,,
S0,remaining_flag,is_missing_labeled_by,8033,22.79,,
S0,historical_tb,complete_pairs,16176,,,
S0,historical_tb,partial_pairs,0,,,
S0,historical_tb,fully_removed_pairs,0,,,
S0,historical_tb,complete_pairs_same_label_principal,10714,,,
S0,historical_tb,complete_pairs_different_label_principal,5462,,,
S0,historical_tb,paired_images_kept,32352,,,
S0,historical_tb,unpaired_images_kept,2902,,,
S0,historical_tb,images_in_disagreeing_pairs_kept,10924,,,
S1,size,kept,35195,99.83,,
S1,size,removed,59,0.17,,
S1,classes,Conforme,10824,30.75,30.74,0.01
S1,classes,NON Conforme,5659,16.08,16.05,0.03
S1,classes,PIETRA,6033,17.14,17.11,0.03
S1,classes,Vide,12679,36.03,36.1,-0.07
S1,years,2025,20207,57.41,57.49,-0.08
S1,years,2026,14988,42.59,42.51,0.08
S1,positions,B,18168,51.62,51.59,0.03
S1,positions,T,17027,48.38,48.41,-0.03
S1,cameras,1,5805,16.49,16.48,0.01
S1,cameras,2,5949,16.9,16.89,0.01
S1,cameras,3,6146,17.46,17.46,0.0
S1,cameras,4,5773,16.4,16.43,-0.03
S1,cameras,5,5906,16.78,16.77,0.01
S1,cameras,6,5616,15.96,15.96,0.0
S1,remaining_flag,is_masked_disagreement,0,0.0,,
S1,remaining_flag,is_multiple,1197,3.4,,
S1,remaining_flag,is_chunk,4973,14.13,,
S1,remaining_flag,is_mixed_quality,0,0.0,,
S1,remaining_flag,is_missing_labeled_by,8028,22.81,,
S1,historical_tb,complete_pairs,16131,,,
S1,historical_tb,partial_pairs,45,,,
S1,historical_tb,fully_removed_pairs,0,,,
S1,historical_tb,complete_pairs_same_label_principal,10706,,,
S1,historical_tb,complete_pairs_different_label_principal,5425,,,
S1,historical_tb,paired_images_kept,32307,,,
S1,historical_tb,unpaired_images_kept,2888,,,
S1,historical_tb,images_in_disagreeing_pairs_kept,10887,,,
S2,size,kept,29043,82.38,,
S2,size,removed,6211,17.62,,
S2,classes,Conforme,7922,27.28,30.74,-3.46
S2,classes,NON Conforme,4667,16.07,16.05,0.02
S2,classes,PIETRA,3775,13.0,17.11,-4.11
S2,classes,Vide,12679,43.66,36.1,7.56
S2,years,2025,15873,54.65,57.49,-2.84
S2,years,2026,13170,45.35,42.51,2.84
S2,positions,B,14878,51.23,51.59,-0.36
S2,positions,T,14165,48.77,48.41,0.36
S2,cameras,1,5177,17.83,16.48,1.35
S2,cameras,2,4998,17.21,16.89,0.32
S2,cameras,3,4811,16.57,17.46,-0.89
S2,cameras,4,4559,15.7,16.43,-0.73
S2,cameras,5,4929,16.97,16.77,0.2
S2,cameras,6,4569,15.73,15.96,-0.23
S2,remaining_flag,is_masked_disagreement,0,0.0,,
S2,remaining_flag,is_multiple,0,0.0,,
S2,remaining_flag,is_chunk,0,0.0,,
S2,remaining_flag,is_mixed_quality,0,0.0,,
S2,remaining_flag,is_missing_labeled_by,6940,23.9,,
S2,historical_tb,complete_pairs,11229,,,
S2,historical_tb,partial_pairs,4245,,,
S2,historical_tb,fully_removed_pairs,702,,,
S2,historical_tb,complete_pairs_same_label_principal,7348,,,
S2,historical_tb,complete_pairs_different_label_principal,3881,,,
S2,historical_tb,paired_images_kept,26703,,,
S2,historical_tb,unpaired_images_kept,2340,,,
S2,historical_tb,images_in_disagreeing_pairs_kept,9336,,,
S3a,size,kept,29043,82.38,,
S3a,size,removed,6211,17.62,,
S3a,classes,Conforme,7922,27.28,30.74,-3.46
S3a,classes,NON Conforme,4667,16.07,16.05,0.02
S3a,classes,PIETRA,3775,13.0,17.11,-4.11
S3a,classes,Vide,12679,43.66,36.1,7.56
S3a,years,2025,15873,54.65,57.49,-2.84
S3a,years,2026,13170,45.35,42.51,2.84
S3a,positions,B,14878,51.23,51.59,-0.36
S3a,positions,T,14165,48.77,48.41,0.36
S3a,cameras,1,5177,17.83,16.48,1.35
S3a,cameras,2,4998,17.21,16.89,0.32
S3a,cameras,3,4811,16.57,17.46,-0.89
S3a,cameras,4,4559,15.7,16.43,-0.73
S3a,cameras,5,4929,16.97,16.77,0.2
S3a,cameras,6,4569,15.73,15.96,-0.23
S3a,remaining_flag,is_masked_disagreement,0,0.0,,
S3a,remaining_flag,is_multiple,0,0.0,,
S3a,remaining_flag,is_chunk,0,0.0,,
S3a,remaining_flag,is_mixed_quality,0,0.0,,
S3a,remaining_flag,is_missing_labeled_by,6940,23.9,,
S3a,historical_tb,complete_pairs,11229,,,
S3a,historical_tb,partial_pairs,4245,,,
S3a,historical_tb,fully_removed_pairs,702,,,
S3a,historical_tb,complete_pairs_same_label_principal,7348,,,
S3a,historical_tb,complete_pairs_different_label_principal,3881,,,
S3a,historical_tb,paired_images_kept,26703,,,
S3a,historical_tb,unpaired_images_kept,2340,,,
S3a,historical_tb,images_in_disagreeing_pairs_kept,9336,,,
S3b,size,kept,22103,62.7,,
S3b,size,removed,13151,37.3,,
S3b,classes,Conforme,6723,30.42,30.74,-0.32
S3b,classes,NON Conforme,2553,11.55,16.05,-4.5
S3b,classes,PIETRA,3145,14.23,17.11,-2.88
S3b,classes,Vide,9682,43.8,36.1,7.7
S3b,years,2025,11022,49.87,57.49,-7.62
S3b,years,2026,11081,50.13,42.51,7.62
S3b,positions,B,12759,57.73,51.59,6.14
S3b,positions,T,9344,42.27,48.41,-6.14
S3b,cameras,1,3192,14.44,16.48,-2.04
S3b,cameras,2,3011,13.62,16.89,-3.27
S3b,cameras,3,3770,17.06,17.46,-0.4
S3b,cameras,4,3898,17.64,16.43,1.21
S3b,cameras,5,4552,20.59,16.77,3.82
S3b,cameras,6,3680,16.65,15.96,0.69
S3b,remaining_flag,is_masked_disagreement,0,0.0,,
S3b,remaining_flag,is_multiple,0,0.0,,
S3b,remaining_flag,is_chunk,0,0.0,,
S3b,remaining_flag,is_mixed_quality,0,0.0,,
S3b,remaining_flag,is_missing_labeled_by,0,0.0,,
S3b,historical_tb,complete_pairs,6600,,,
S3b,historical_tb,partial_pairs,6795,,,
S3b,historical_tb,fully_removed_pairs,2781,,,
S3b,historical_tb,complete_pairs_same_label_principal,4177,,,
S3b,historical_tb,complete_pairs_different_label_principal,2423,,,
S3b,historical_tb,paired_images_kept,19995,,,
S3b,historical_tb,unpaired_images_kept,2108,,,
S3b,historical_tb,images_in_disagreeing_pairs_kept,7282,,,
S1_REVIEWED,size,kept,35254,100.0,,
S1_REVIEWED,size,removed,0,0.0,,
S1_REVIEWED,classes,Conforme,10832,30.73,30.74,-0.01
S1_REVIEWED,classes,NON Conforme,5664,16.07,16.05,0.02
S1_REVIEWED,classes,PIETRA,6034,17.12,17.11,0.01
S1_REVIEWED,classes,Vide,12724,36.09,36.1,-0.01
S1_REVIEWED,years,2025,20266,57.49,57.49,0.0
S1_REVIEWED,years,2026,14988,42.51,42.51,0.0
S1_REVIEWED,positions,B,18189,51.59,51.59,0.0
S1_REVIEWED,positions,T,17065,48.41,48.41,0.0
S1_REVIEWED,cameras,1,5811,16.48,16.48,0.0
S1_REVIEWED,cameras,2,5953,16.89,16.89,0.0
S1_REVIEWED,cameras,3,6157,17.46,17.46,0.0
S1_REVIEWED,cameras,4,5792,16.43,16.43,0.0
S1_REVIEWED,cameras,5,5913,16.77,16.77,0.0
S1_REVIEWED,cameras,6,5628,15.96,15.96,0.0
S1_REVIEWED,historical_tb,complete_pairs,16176,,,
S1_REVIEWED,historical_tb,partial_pairs,0,,,
S1_REVIEWED,historical_tb,fully_removed_pairs,0,,,
S1_REVIEWED,historical_tb,complete_pairs_same_label_principal,10714,,,
S1_REVIEWED,historical_tb,complete_pairs_different_label_principal,5462,,,
