namespace_variant,year,batch_num,cam_num,label_filename,cam_position,sample_num_min,sample_num_max,distinct_sample_num,holes,continuous,starts_at_zero
with_label_filename,2025,1,1,Conforme,B,0,420,421,0,True,True
with_label_filename,2025,1,1,Conforme,T,0,371,372,0,True,True
with_label_filename,2025,1,2,Conforme,B,0,406,407,0,True,True
with_label_filename,2025,1,2,Conforme,T,0,385,386,0,True,True
with_label_filename,2025,1,3,Conforme,B,0,523,524,0,True,True
with_label_filename,2025,1,3,Conforme,T,0,529,529,1,False,True
with_label_filename,2025,1,4,Conforme,B,0,493,475,19,False,True
with_label_filename,2025,1,4,Conforme,T,0,516,517,0,True,True
with_label_filename,2025,1,5,Conforme,B,0,416,417,0,True,True
with_label_filename,2025,1,5,Conforme,T,0,464,465,0,True,True
with_label_filename,2025,1,6,Conforme,B,0,406,407,0,True,True
with_label_filename,2025,1,6,Conforme,T,0,519,498,22,False,True
with_label_filename,2025,2,1,Conforme,B,0,532,529,4,False,True
with_label_filename,2025,2,1,Conforme,T,1,267,267,0,True,False
with_label_filename,2025,2,2,Conforme,B,0,518,519,0,True,True
with_label_filename,2025,2,2,Conforme,T,0,272,273,0,True,True
with_label_filename,2025,2,3,Conforme,B,0,530,529,2,False,True
with_label_filename,2025,2,3,Conforme,T,0,258,259,0,True,True
with_label_filename,2025,2,4,Conforme,B,0,496,481,16,False,True
with_label_filename,2025,2,4,Conforme,T,0,256,257,0,True,True
with_label_filename,2025,2,5,Conforme,B,0,536,537,0,True,True
with_label_filename,2025,2,5,Conforme,T,0,220,221,0,True,True
with_label_filename,2025,2,6,Conforme,B,0,515,470,46,False,True
with_label_filename,2025,2,6,Conforme,T,0,226,226,1,False,True
with_label_filename,2025,<NO_BATCH>,1,NON Conforme,B,0,494,482,13,False,True
with_label_filename,2025,<NO_BATCH>,1,NON Conforme,T,0,494,492,3,False,True
with_label_filename,2025,<NO_BATCH>,1,PIETRA,B,0,405,394,12,False,True
with_label_filename,2025,<NO_BATCH>,1,PIETRA,T,0,377,378,0,True,True
with_label_filename,2025,<NO_BATCH>,2,NON Conforme,B,0,502,498,5,False,True
with_label_filename,2025,<NO_BATCH>,2,NON Conforme,T,0,516,512,5,False,True
with_label_filename,2025,<NO_BATCH>,2,PIETRA,B,0,398,398,1,False,True
with_label_filename,2025,<NO_BATCH>,2,PIETRA,T,0,374,375,0,True,True
with_label_filename,2025,<NO_BATCH>,3,NON Conforme,B,0,494,492,3,False,True
with_label_filename,2025,<NO_BATCH>,3,NON Conforme,T,0,497,489,9,False,True
with_label_filename,2025,<NO_BATCH>,3,PIETRA,B,0,390,389,2,False,True
with_label_filename,2025,<NO_BATCH>,3,PIETRA,T,0,386,386,1,False,True
with_label_filename,2025,<NO_BATCH>,4,NON Conforme,B,1,500,467,33,False,False
with_label_filename,2025,<NO_BATCH>,4,NON Conforme,T,0,498,494,5,False,True
with_label_filename,2025,<NO_BATCH>,4,PIETRA,B,0,329,313,17,False,True
with_label_filename,2025,<NO_BATCH>,4,PIETRA,T,0,391,392,0,True,True
with_label_filename,2025,<NO_BATCH>,5,NON Conforme,B,0,505,501,5,False,True
with_label_filename,2025,<NO_BATCH>,5,NON Conforme,T,0,499,499,1,False,True
with_label_filename,2025,<NO_BATCH>,5,PIETRA,B,0,384,385,0,True,True
with_label_filename,2025,<NO_BATCH>,5,PIETRA,T,0,323,320,4,False,True
with_label_filename,2025,<NO_BATCH>,6,NON Conforme,B,1,483,428,55,False,False
with_label_filename,2025,<NO_BATCH>,6,NON Conforme,T,0,498,470,29,False,True
with_label_filename,2025,<NO_BATCH>,6,PIETRA,B,0,384,357,28,False,True
with_label_filename,2025,<NO_BATCH>,6,PIETRA,T,0,387,369,19,False,True
with_label_filename,2026,<NO_BATCH>,1,Conforme,B,0,414,398,17,False,True
with_label_filename,2026,<NO_BATCH>,1,Conforme,T,0,406,407,0,True,True
with_label_filename,2026,<NO_BATCH>,1,NON Conforme,B,0,275,271,5,False,True
with_label_filename,2026,<NO_BATCH>,1,NON Conforme,T,0,280,281,0,True,True
with_label_filename,2026,<NO_BATCH>,1,PIETRA,B,0,566,528,39,False,True
with_label_filename,2026,<NO_BATCH>,1,PIETRA,T,2,592,591,0,True,False
with_label_filename,2026,<NO_BATCH>,2,Conforme,B,0,417,417,1,False,True
with_label_filename,2026,<NO_BATCH>,2,Conforme,T,0,413,414,0,True,True
with_label_filename,2026,<NO_BATCH>,2,NON Conforme,B,0,282,282,1,False,True
with_label_filename,2026,<NO_BATCH>,2,NON Conforme,T,0,283,284,0,True,True
with_label_filename,2026,<NO_BATCH>,2,PIETRA,B,0,585,586,0,True,True
with_label_filename,2026,<NO_BATCH>,2,PIETRA,T,2,604,602,1,False,False
with_label_filename,2026,<NO_BATCH>,3,Conforme,B,0,424,425,0,True,True
with_label_filename,2026,<NO_BATCH>,3,Conforme,T,0,404,405,0,True,True
with_label_filename,2026,<NO_BATCH>,3,NON Conforme,B,0,279,280,0,True,True
with_label_filename,2026,<NO_BATCH>,3,NON Conforme,T,0,283,282,2,False,True
with_label_filename,2026,<NO_BATCH>,3,PIETRA,B,0,579,578,2,False,True
with_label_filename,2026,<NO_BATCH>,3,PIETRA,T,0,591,590,2,False,True
with_label_filename,2026,<NO_BATCH>,4,Conforme,B,0,401,387,15,False,True
with_label_filename,2026,<NO_BATCH>,4,Conforme,T,0,402,403,0,True,True
with_label_filename,2026,<NO_BATCH>,4,NON Conforme,B,0,285,263,23,False,True
with_label_filename,2026,<NO_BATCH>,4,NON Conforme,T,0,279,279,1,False,True
with_label_filename,2026,<NO_BATCH>,4,PIETRA,B,0,535,477,59,False,True
with_label_filename,2026,<NO_BATCH>,4,PIETRA,T,0,586,587,0,True,True
with_label_filename,2026,<NO_BATCH>,5,Conforme,B,0,411,412,0,True,True
with_label_filename,2026,<NO_BATCH>,5,Conforme,T,0,393,394,0,True,True
with_label_filename,2026,<NO_BATCH>,5,NON Conforme,B,0,294,294,1,False,True
with_label_filename,2026,<NO_BATCH>,5,NON Conforme,T,0,286,287,0,True,True
with_label_filename,2026,<NO_BATCH>,5,PIETRA,B,0,612,611,2,False,True
with_label_filename,2026,<NO_BATCH>,5,PIETRA,T,0,569,570,0,True,True
with_label_filename,2026,<NO_BATCH>,6,Conforme,B,0,402,378,25,False,True
with_label_filename,2026,<NO_BATCH>,6,Conforme,T,0,400,392,9,False,True
with_label_filename,2026,<NO_BATCH>,6,NON Conforme,B,2,282,267,14,False,False
with_label_filename,2026,<NO_BATCH>,6,NON Conforme,T,0,279,275,5,False,True
with_label_filename,2026,<NO_BATCH>,6,PIETRA,B,0,573,515,59,False,True
with_label_filename,2026,<NO_BATCH>,6,PIETRA,T,0,582,576,7,False,True
without_label_filename,2025,1,1,,B,0,420,421,0,True,True
without_label_filename,2025,1,1,,T,0,371,372,0,True,True
without_label_filename,2025,1,2,,B,0,406,407,0,True,True
without_label_filename,2025,1,2,,T,0,385,386,0,True,True
without_label_filename,2025,1,3,,B,0,523,524,0,True,True
without_label_filename,2025,1,3,,T,0,529,529,1,False,True
without_label_filename,2025,1,4,,B,0,493,475,19,False,True
without_label_filename,2025,1,4,,T,0,516,517,0,True,True
without_label_filename,2025,1,5,,B,0,416,417,0,True,True
without_label_filename,2025,1,5,,T,0,464,465,0,True,True
without_label_filename,2025,1,6,,B,0,406,407,0,True,True
without_label_filename,2025,1,6,,T,0,519,498,22,False,True
without_label_filename,2025,2,1,,B,0,532,529,4,False,True
without_label_filename,2025,2,1,,T,1,267,267,0,True,False
without_label_filename,2025,2,2,,B,0,518,519,0,True,True
without_label_filename,2025,2,2,,T,0,272,273,0,True,True
without_label_filename,2025,2,3,,B,0,530,529,2,False,True
without_label_filename,2025,2,3,,T,0,258,259,0,True,True
without_label_filename,2025,2,4,,B,0,496,481,16,False,True
without_label_filename,2025,2,4,,T,0,256,257,0,True,True
without_label_filename,2025,2,5,,B,0,536,537,0,True,True
without_label_filename,2025,2,5,,T,0,220,221,0,True,True
without_label_filename,2025,2,6,,B,0,515,470,46,False,True
without_label_filename,2025,2,6,,T,0,226,226,1,False,True
without_label_filename,2025,<NO_BATCH>,1,,B,0,494,493,2,False,True
without_label_filename,2025,<NO_BATCH>,1,,T,0,494,495,0,True,True
without_label_filename,2025,<NO_BATCH>,2,,B,0,502,503,0,True,True
without_label_filename,2025,<NO_BATCH>,2,,T,0,516,517,0,True,True
without_label_filename,2025,<NO_BATCH>,3,,B,0,494,495,0,True,True
without_label_filename,2025,<NO_BATCH>,3,,T,0,497,498,0,True,True
without_label_filename,2025,<NO_BATCH>,4,,B,0,500,496,5,False,True
without_label_filename,2025,<NO_BATCH>,4,,T,0,498,499,0,True,True
without_label_filename,2025,<NO_BATCH>,5,,B,0,505,506,0,True,True
without_label_filename,2025,<NO_BATCH>,5,,T,0,499,500,0,True,True
without_label_filename,2025,<NO_BATCH>,6,,B,0,483,481,3,False,True
without_label_filename,2025,<NO_BATCH>,6,,T,0,498,495,4,False,True
without_label_filename,2026,<NO_BATCH>,1,,B,0,566,558,9,False,True
without_label_filename,2026,<NO_BATCH>,1,,T,0,592,593,0,True,True
without_label_filename,2026,<NO_BATCH>,2,,B,0,585,586,0,True,True
without_label_filename,2026,<NO_BATCH>,2,,T,0,604,605,0,True,True
without_label_filename,2026,<NO_BATCH>,3,,B,0,579,580,0,True,True
without_label_filename,2026,<NO_BATCH>,3,,T,0,591,590,2,False,True
without_label_filename,2026,<NO_BATCH>,4,,B,0,535,519,17,False,True
without_label_filename,2026,<NO_BATCH>,4,,T,0,586,587,0,True,True
without_label_filename,2026,<NO_BATCH>,5,,B,0,612,613,0,True,True
without_label_filename,2026,<NO_BATCH>,5,,T,0,569,570,0,True,True
without_label_filename,2026,<NO_BATCH>,6,,B,0,573,555,19,False,True
without_label_filename,2026,<NO_BATCH>,6,,T,0,582,582,1,False,True
