filename,human_review,review_status,notes,reviewed_at_utc
2025_Conforme_1_Cam_T_3_429.jpg,Conforme,reviewed,,2026-09-01T21:38:41.151051+00:00
2025_Conforme_1_Cam_T_3_49.jpg,PIETRA,reviewed,,2026-09-01T21:38:50.324488+00:00
2025_Conforme_1_Cam_T_4_285.jpg,Conforme,reviewed,,2026-09-01T21:39:16.541106+00:00
2025_Conforme_1_Cam_T_4_487.jpg,NON Conforme,reviewed,,2026-09-01T21:39:20.089136+00:00
2025_Conforme_1_Cam_T_5_148.jpg,NON Conforme,reviewed,,2026-09-01T21:39:21.292446+00:00
2025_Conforme_2_Cam_B_1_100.jpg,Conforme,reviewed,,2026-09-01T21:39:26.402924+00:00
2025_Conforme_2_Cam_B_4_339.jpg,NON Conforme,reviewed,,2026-09-01T21:39:27.984202+00:00
2025_Conforme_2_Cam_B_5_145.jpg,NON Conforme,reviewed,,2026-09-01T21:39:28.623661+00:00
2025_Conforme_2_Cam_B_5_436.jpg,NON Conforme,reviewed,,2026-09-01T21:39:32.130475+00:00
